{
  "base_model": "Qwen/Qwen2.5-0.5B-Instruct",
  "device": "mps",
  "lora_config": {
    "r": 8,
    "lora_alpha": 16,
    "lora_dropout": 0.05,
    "target_modules": [
      "q_proj",
      "k_proj",
      "v_proj",
      "o_proj"
    ],
    "task_type": "CAUSAL_LM"
  },
  "epochs": 6,
  "batch_size": 2,
  "learning_rate": 0.0002,
  "max_length": 768,
  "training_seconds": 10015.1,
  "loss_history": {
    "epoch": [
      1,
      2,
      3,
      4,
      5,
      6
    ],
    "train_loss": [
      0.03076453035296558,
      0.010865409691704506,
      0.007530379383484218,
      0.005919618058902164,
      0.005266534840369614,
      0.005900673083260951
    ],
    "val_loss": [
      0.012072152024691965,
      0.008503552646132343,
      0.0069936577752893105,
      0.006706119873972469,
      0.006618305606331298,
      0.006309533087790519
    ]
  },
  "best_epoch": 6,
  "best_val_loss": 0.006309533087790519,
  "final_train_loss": 0.005900673083260951,
  "final_val_loss": 0.006309533087790519,
  "train_examples": 886,
  "val_examples": 111
}